Angolo Nord Reale,Coordinata Est/Ovest,Coordinata Nord/Sud,Elevazione
0.0,23.423199999999998,42.5015,119.99999999999999
10.0,23.423199999999998,42.5015,119.99999999999999